players,setup_ms_median,assign_groups_ms_median,leaderboard_ms_median
8,0.015300,0.017600,0.001400
16,0.027000,0.031300,0.002300
32,0.049300,0.065800,0.003900
64,0.095500,0.115200,0.007500
96,0.142700,0.166000,0.011200
128,0.187200,0.227400,0.015100
160,0.245400,0.296800,0.018500
200,0.292500,0.351000,0.022900
